Insert into KS95.COURSE (COURSE_ID,DEP_LOCATION,DEP_DATE,DEP_TIME,AIRPORT_ID,ARR_TIME,AIRPLANE_ID,PRICE,DISTANCE) 
values ('P2022001','ICN',to_date('22/09/14','RR/MM/DD'), TO_CHAR('14:00', 'HH24:MI'),'PEK',TO_CHAR('16:15', 'HH24:MI'),'A101',350000,'914KM');



commit
--공항
Insert into KS95.AIRPORT (AIRPORT_ID,AIRPORT_NAME,NATION,ADDRESS) values ('ICN','인천 국제공항','대한민국','대한민국 인천광역시');
Insert into KS95.AIRPORT (AIRPORT_ID,AIRPORT_NAME,NATION,ADDRESS) values ('PEK','베이징 수도 국제공항','중국','중화인민공화국 베이징시');
Insert into KS95.AIRPORT (AIRPORT_ID,AIRPORT_NAME,NATION,ADDRESS) values ('NRT','나리타 국제공항','일본','일본 도쿄도 치바현');
Insert into KS95.AIRPORT (AIRPORT_ID,AIRPORT_NAME,NATION,ADDRESS) values ('HAN','하노이 노이바이 국제 공항','베트남','베트남 하노이시');

--비행기
Insert into KS95.AIRPLANE (AIRPLANE_ID,SEAT_TOTAL,SEAT_REMAIN,AIRLINE) values ('A101',24,24,'대한항공(KE)');
Insert into KS95.AIRPLANE (AIRPLANE_ID,SEAT_TOTAL,SEAT_REMAIN,AIRLINE) values ('A102',24,24,'대한항공(KE)');
Insert into KS95.AIRPLANE (AIRPLANE_ID,SEAT_TOTAL,SEAT_REMAIN,AIRLINE) values ('A103',24,24,'대한항공(KE)');
Insert into KS95.AIRPLANE (AIRPLANE_ID,SEAT_TOTAL,SEAT_REMAIN,AIRLINE) values ('A104',24,24,'대한항공(KE)');
Insert into KS95.AIRPLANE (AIRPLANE_ID,SEAT_TOTAL,SEAT_REMAIN,AIRLINE) values ('A105',24,24,'대한항공(KE)');
Insert into KS95.AIRPLANE (AIRPLANE_ID,SEAT_TOTAL,SEAT_REMAIN,AIRLINE) values ('A106',24,24,'대한항공(KE)');
Insert into KS95.AIRPLANE (AIRPLANE_ID,SEAT_TOTAL,SEAT_REMAIN,AIRLINE) values ('A107',24,24,'대한항공(KE)');
Insert into KS95.AIRPLANE (AIRPLANE_ID,SEAT_TOTAL,SEAT_REMAIN,AIRLINE) values ('A108',24,24,'대한항공(KE)');
Insert into KS95.AIRPLANE (AIRPLANE_ID,SEAT_TOTAL,SEAT_REMAIN,AIRLINE) values ('A109',24,24,'대한항공(KE)');
Insert into KS95.AIRPLANE (AIRPLANE_ID,SEAT_TOTAL,SEAT_REMAIN,AIRLINE) values ('A110',24,24,'대한항공(KE)');
Insert into KS95.AIRPLANE (AIRPLANE_ID,SEAT_TOTAL,SEAT_REMAIN,AIRLINE) values ('A111',24,24,'대한항공(KE)');
Insert into KS95.AIRPLANE (AIRPLANE_ID,SEAT_TOTAL,SEAT_REMAIN,AIRLINE) values ('A112',24,24,'대한항공(KE)');
Insert into KS95.AIRPLANE (AIRPLANE_ID,SEAT_TOTAL,SEAT_REMAIN,AIRLINE) values ('A201',24,24,'아시아나(OZ)');
Insert into KS95.AIRPLANE (AIRPLANE_ID,SEAT_TOTAL,SEAT_REMAIN,AIRLINE) values ('A202',24,24,'아시아나(OZ)');
Insert into KS95.AIRPLANE (AIRPLANE_ID,SEAT_TOTAL,SEAT_REMAIN,AIRLINE) values ('A203',24,24,'아시아나(OZ)');
Insert into KS95.AIRPLANE (AIRPLANE_ID,SEAT_TOTAL,SEAT_REMAIN,AIRLINE) values ('A204',24,24,'아시아나(OZ)');
Insert into KS95.AIRPLANE (AIRPLANE_ID,SEAT_TOTAL,SEAT_REMAIN,AIRLINE) values ('A205',24,24,'아시아나(OZ)');
Insert into KS95.AIRPLANE (AIRPLANE_ID,SEAT_TOTAL,SEAT_REMAIN,AIRLINE) values ('A206',24,24,'아시아나(OZ)');
Insert into KS95.AIRPLANE (AIRPLANE_ID,SEAT_TOTAL,SEAT_REMAIN,AIRLINE) values ('A207',24,24,'아시아나(OZ)');
Insert into KS95.AIRPLANE (AIRPLANE_ID,SEAT_TOTAL,SEAT_REMAIN,AIRLINE) values ('A208',24,24,'아시아나(OZ)');
Insert into KS95.AIRPLANE (AIRPLANE_ID,SEAT_TOTAL,SEAT_REMAIN,AIRLINE) values ('A209',24,24,'아시아나(OZ)');
Insert into KS95.AIRPLANE (AIRPLANE_ID,SEAT_TOTAL,SEAT_REMAIN,AIRLINE) values ('A210',24,24,'아시아나(OZ)');
Insert into KS95.AIRPLANE (AIRPLANE_ID,SEAT_TOTAL,SEAT_REMAIN,AIRLINE) values ('A211',24,24,'아시아나(OZ)');
Insert into KS95.AIRPLANE (AIRPLANE_ID,SEAT_TOTAL,SEAT_REMAIN,AIRLINE) values ('A212',24,24,'아시아나(OZ)');
Insert into KS95.AIRPLANE (AIRPLANE_ID,SEAT_TOTAL,SEAT_REMAIN,AIRLINE) values ('A301',24,24,'중국국제항공(CA)');
Insert into KS95.AIRPLANE (AIRPLANE_ID,SEAT_TOTAL,SEAT_REMAIN,AIRLINE) values ('A302',24,24,'중국국제항공(CA)');
Insert into KS95.AIRPLANE (AIRPLANE_ID,SEAT_TOTAL,SEAT_REMAIN,AIRLINE) values ('A303',24,24,'중국국제항공(CA)');
Insert into KS95.AIRPLANE (AIRPLANE_ID,SEAT_TOTAL,SEAT_REMAIN,AIRLINE) values ('A304',24,24,'중국국제항공(CA)');
Insert into KS95.AIRPLANE (AIRPLANE_ID,SEAT_TOTAL,SEAT_REMAIN,AIRLINE) values ('A305',24,24,'중국국제항공(CA)');
Insert into KS95.AIRPLANE (AIRPLANE_ID,SEAT_TOTAL,SEAT_REMAIN,AIRLINE) values ('A306',24,24,'중국국제항공(CA)');
Insert into KS95.AIRPLANE (AIRPLANE_ID,SEAT_TOTAL,SEAT_REMAIN,AIRLINE) values ('A307',24,24,'중국국제항공(CA)');
Insert into KS95.AIRPLANE (AIRPLANE_ID,SEAT_TOTAL,SEAT_REMAIN,AIRLINE) values ('A308',24,24,'중국국제항공(CA)');
Insert into KS95.AIRPLANE (AIRPLANE_ID,SEAT_TOTAL,SEAT_REMAIN,AIRLINE) values ('A309',24,24,'중국국제항공(CA)');
Insert into KS95.AIRPLANE (AIRPLANE_ID,SEAT_TOTAL,SEAT_REMAIN,AIRLINE) values ('A310',24,24,'중국국제항공(CA)');
Insert into KS95.AIRPLANE (AIRPLANE_ID,SEAT_TOTAL,SEAT_REMAIN,AIRLINE) values ('A311',24,24,'중국국제항공(CA)');
Insert into KS95.AIRPLANE (AIRPLANE_ID,SEAT_TOTAL,SEAT_REMAIN,AIRLINE) values ('A312',24,24,'중국국제항공(CA)');
Insert into KS95.AIRPLANE (AIRPLANE_ID,SEAT_TOTAL,SEAT_REMAIN,AIRLINE) values ('A401',24,24,'베트남항공(VN)');
Insert into KS95.AIRPLANE (AIRPLANE_ID,SEAT_TOTAL,SEAT_REMAIN,AIRLINE) values ('A402',24,24,'베트남항공(VN)');
Insert into KS95.AIRPLANE (AIRPLANE_ID,SEAT_TOTAL,SEAT_REMAIN,AIRLINE) values ('A403',24,24,'베트남항공(VN)');
Insert into KS95.AIRPLANE (AIRPLANE_ID,SEAT_TOTAL,SEAT_REMAIN,AIRLINE) values ('A404',24,24,'베트남항공(VN)');
Insert into KS95.AIRPLANE (AIRPLANE_ID,SEAT_TOTAL,SEAT_REMAIN,AIRLINE) values ('A405',24,24,'베트남항공(VN)');
Insert into KS95.AIRPLANE (AIRPLANE_ID,SEAT_TOTAL,SEAT_REMAIN,AIRLINE) values ('A406',24,24,'베트남항공(VN)');
Insert into KS95.AIRPLANE (AIRPLANE_ID,SEAT_TOTAL,SEAT_REMAIN,AIRLINE) values ('A407',24,24,'베트남항공(VN)');
Insert into KS95.AIRPLANE (AIRPLANE_ID,SEAT_TOTAL,SEAT_REMAIN,AIRLINE) values ('A408',24,24,'베트남항공(VN)');
Insert into KS95.AIRPLANE (AIRPLANE_ID,SEAT_TOTAL,SEAT_REMAIN,AIRLINE) values ('A409',24,24,'베트남항공(VN)');
Insert into KS95.AIRPLANE (AIRPLANE_ID,SEAT_TOTAL,SEAT_REMAIN,AIRLINE) values ('A410',24,24,'베트남항공(VN)');
Insert into KS95.AIRPLANE (AIRPLANE_ID,SEAT_TOTAL,SEAT_REMAIN,AIRLINE) values ('A411',24,24,'베트남항공(VN)');
Insert into KS95.AIRPLANE (AIRPLANE_ID,SEAT_TOTAL,SEAT_REMAIN,AIRLINE) values ('A412',24,24,'베트남항공(VN)');
Insert into KS95.AIRPLANE (AIRPLANE_ID,SEAT_TOTAL,SEAT_REMAIN,AIRLINE) values ('A501',24,24,'일본항공(JL)');
Insert into KS95.AIRPLANE (AIRPLANE_ID,SEAT_TOTAL,SEAT_REMAIN,AIRLINE) values ('A502',24,24,'일본항공(JL)');
Insert into KS95.AIRPLANE (AIRPLANE_ID,SEAT_TOTAL,SEAT_REMAIN,AIRLINE) values ('A503',24,24,'일본항공(JL)');
Insert into KS95.AIRPLANE (AIRPLANE_ID,SEAT_TOTAL,SEAT_REMAIN,AIRLINE) values ('A504',24,24,'일본항공(JL)');
Insert into KS95.AIRPLANE (AIRPLANE_ID,SEAT_TOTAL,SEAT_REMAIN,AIRLINE) values ('A505',24,24,'일본항공(JL)');
Insert into KS95.AIRPLANE (AIRPLANE_ID,SEAT_TOTAL,SEAT_REMAIN,AIRLINE) values ('A506',24,24,'일본항공(JL)');
Insert into KS95.AIRPLANE (AIRPLANE_ID,SEAT_TOTAL,SEAT_REMAIN,AIRLINE) values ('A507',24,24,'일본항공(JL)');
Insert into KS95.AIRPLANE (AIRPLANE_ID,SEAT_TOTAL,SEAT_REMAIN,AIRLINE) values ('A508',24,24,'일본항공(JL)');
Insert into KS95.AIRPLANE (AIRPLANE_ID,SEAT_TOTAL,SEAT_REMAIN,AIRLINE) values ('A509',24,24,'일본항공(JL)');
Insert into KS95.AIRPLANE (AIRPLANE_ID,SEAT_TOTAL,SEAT_REMAIN,AIRLINE) values ('A510',24,24,'일본항공(JL)');
Insert into KS95.AIRPLANE (AIRPLANE_ID,SEAT_TOTAL,SEAT_REMAIN,AIRLINE) values ('A511',24,24,'일본항공(JL)');
Insert into KS95.AIRPLANE (AIRPLANE_ID,SEAT_TOTAL,SEAT_REMAIN,AIRLINE) values ('A512',24,24,'일본항공(JL)');

--멤버
Insert into KS95.MEMBER (MEM_ID,PASSWORD,MEM_NAME,MEM_BIR,ACCOUNT,BANK,MILEAGE) values ('A001','java','신우혁 ',980222,235131123456,'우리은행',100);
Insert into KS95.MEMBER (MEM_ID,PASSWORD,MEM_NAME,MEM_BIR,ACCOUNT,BANK,MILEAGE) values ('B001','java','이동진 ',960915,235210680232,'우리은행',2400);
Insert into KS95.MEMBER (MEM_ID,PASSWORD,MEM_NAME,MEM_BIR,ACCOUNT,BANK,MILEAGE) values ('C001','java','윤성희 ',950222,235456600200,'우리은행',1200);
Insert into KS95.MEMBER (MEM_ID,PASSWORD,MEM_NAME,MEM_BIR,ACCOUNT,BANK,MILEAGE) values ('D001','java','황시안 ',730226,235321411054,'우리은행',1300);
Insert into KS95.MEMBER (MEM_ID,PASSWORD,MEM_NAME,MEM_BIR,ACCOUNT,BANK,MILEAGE) values ('A002','java','양종환 ',620111,235131123460,'우리은행',1500);
Insert into KS95.MEMBER (MEM_ID,PASSWORD,MEM_NAME,MEM_BIR,ACCOUNT,BANK,MILEAGE) values ('B002','java','안성주 ',790630,235210680220,'우리은행',4400);
Insert into KS95.MEMBER (MEM_ID,PASSWORD,MEM_NAME,MEM_BIR,ACCOUNT,BANK,MILEAGE) values ('C002','java','신재빈 ',880808,235210911045,'우리은행',50);
Insert into KS95.MEMBER (MEM_ID,PASSWORD,MEM_NAME,MEM_BIR,ACCOUNT,BANK,MILEAGE) values ('D002','java','배효연 ',870625,235356719102,'우리은행',1010);
Insert into KS95.MEMBER (MEM_ID,PASSWORD,MEM_NAME,MEM_BIR,ACCOUNT,BANK,MILEAGE) values ('A003','java','유은용 ',931022,235321411051,'우리은행',1790);
Insert into KS95.MEMBER (MEM_ID,PASSWORD,MEM_NAME,MEM_BIR,ACCOUNT,BANK,MILEAGE) values ('B003','java','고세혁 ',941225,235131123465,'우리은행',2700);
Insert into KS95.MEMBER (MEM_ID,PASSWORD,MEM_NAME,MEM_BIR,ACCOUNT,BANK,MILEAGE) values ('C003','java','정효연 ',971125,235210911050,'우리은행',3300);
Insert into KS95.MEMBER (MEM_ID,PASSWORD,MEM_NAME,MEM_BIR,ACCOUNT,BANK,MILEAGE) values ('D003','java','정형민 ',600921,235456600212,'우리은행',1200);
Insert into KS95.MEMBER (MEM_ID,PASSWORD,MEM_NAME,MEM_BIR,ACCOUNT,BANK,MILEAGE) values ('A004','java','김준하 ',750304,235356719114,'우리은행',8700);
Insert into KS95.MEMBER (MEM_ID,PASSWORD,MEM_NAME,MEM_BIR,ACCOUNT,BANK,MILEAGE) values ('B004','java','안다운 ',790321,235356719108,'우리은행',5400);
Insert into KS95.MEMBER (MEM_ID,PASSWORD,MEM_NAME,MEM_BIR,ACCOUNT,BANK,MILEAGE) values ('C004','java','최슬기 ',830629,235210911057,'우리은행',6700);
Insert into KS95.MEMBER (MEM_ID,PASSWORD,MEM_NAME,MEM_BIR,ACCOUNT,BANK,MILEAGE) values ('D004','java','서하루 ',990301,235210214808,'우리은행',9800);
Insert into KS95.MEMBER (MEM_ID,PASSWORD,MEM_NAME,MEM_BIR,ACCOUNT,BANK,MILEAGE) values ('A005','java','권나무 ',41130,235321411046,'우리은행',10050);
Insert into KS95.MEMBER (MEM_ID,PASSWORD,MEM_NAME,MEM_BIR,ACCOUNT,BANK,MILEAGE) values ('B005','java','최건 ',990302,235210450301,'우리은행',4120);
Insert into KS95.MEMBER (MEM_ID,PASSWORD,MEM_NAME,MEM_BIR,ACCOUNT,BANK,MILEAGE) values ('C005','java','유철 ',840102,235210680224,'우리은행',7870);
Insert into KS95.MEMBER (MEM_ID,PASSWORD,MEM_NAME,MEM_BIR,ACCOUNT,BANK,MILEAGE) values ('D005','java','노훈 ',890602,235131123475,'우리은행',120);
Insert into KS95.MEMBER (MEM_ID,PASSWORD,MEM_NAME,MEM_BIR,ACCOUNT,BANK,MILEAGE) values ('A006','java','유설 ',960305,10922789410150,'IBK 기업은행',0);
Insert into KS95.MEMBER (MEM_ID,PASSWORD,MEM_NAME,MEM_BIR,ACCOUNT,BANK,MILEAGE) values ('B006','java','서현승 ',931220,10432249413112,'IBK 기업은행',90);
Insert into KS95.MEMBER (MEM_ID,PASSWORD,MEM_NAME,MEM_BIR,ACCOUNT,BANK,MILEAGE) values ('C006','java','장재섭 ',940629,10444149412142,'IBK 기업은행',2100);
Insert into KS95.MEMBER (MEM_ID,PASSWORD,MEM_NAME,MEM_BIR,ACCOUNT,BANK,MILEAGE) values ('D006','java','유병헌 ',560222,10541122914112,'IBK 기업은행',2400);
Insert into KS95.MEMBER (MEM_ID,PASSWORD,MEM_NAME,MEM_BIR,ACCOUNT,BANK,MILEAGE) values ('A007','java','배재신 ',950313,10632133912210,'IBK 기업은행',3700);
Insert into KS95.MEMBER (MEM_ID,PASSWORD,MEM_NAME,MEM_BIR,ACCOUNT,BANK,MILEAGE) values ('B007','java','유재인 ',740405,12023154523213,'IBK 기업은행',4500);
Insert into KS95.MEMBER (MEM_ID,PASSWORD,MEM_NAME,MEM_BIR,ACCOUNT,BANK,MILEAGE) values ('C007','java','송경완 ',851115,10833148612313,'IBK 기업은행',660);
Insert into KS95.MEMBER (MEM_ID,PASSWORD,MEM_NAME,MEM_BIR,ACCOUNT,BANK,MILEAGE) values ('D007','java','황보여진 ',920311,10723489410167,'IBK 기업은행',1870);
Insert into KS95.MEMBER (MEM_ID,PASSWORD,MEM_NAME,MEM_BIR,ACCOUNT,BANK,MILEAGE) values ('A008','java','하은아 ',40112,10927789410180,'IBK 기업은행',2400);
Insert into KS95.MEMBER (MEM_ID,PASSWORD,MEM_NAME,MEM_BIR,ACCOUNT,BANK,MILEAGE) values ('B008','java','문으뜸 ',271023,10642133922232,'IBK 기업은행',6900);
Insert into KS95.MEMBER (MEM_ID,PASSWORD,MEM_NAME,MEM_BIR,ACCOUNT,BANK,MILEAGE) values ('C008','java','정이슬',441112,10024532211321,'KB국민은행',5700);
Insert into KS95.MEMBER (MEM_ID,PASSWORD,MEM_NAME,MEM_BIR,ACCOUNT,BANK,MILEAGE) values ('D008','java','노대현 ',860317,10024532211336,'KB국민은행',8800);
Insert into KS95.MEMBER (MEM_ID,PASSWORD,MEM_NAME,MEM_BIR,ACCOUNT,BANK,MILEAGE) values ('A009','java','심영석 ',80408,10024532211340,'KB국민은행',1400);
Insert into KS95.MEMBER (MEM_ID,PASSWORD,MEM_NAME,MEM_BIR,ACCOUNT,BANK,MILEAGE) values ('B009','java','김용수 ',890118,10031138213344,'KB국민은행',6500);
Insert into KS95.MEMBER (MEM_ID,PASSWORD,MEM_NAME,MEM_BIR,ACCOUNT,BANK,MILEAGE) values ('C009','java','장준일 ',950831,10037151659015,'KB국민은행',9600);
Insert into KS95.MEMBER (MEM_ID,PASSWORD,MEM_NAME,MEM_BIR,ACCOUNT,BANK,MILEAGE) values ('D009','java','서한길 ',660507,10037151659009,'KB국민은행',1050);
Insert into KS95.MEMBER (MEM_ID,PASSWORD,MEM_NAME,MEM_BIR,ACCOUNT,BANK,MILEAGE) values ('A010','java','장새롬 ',951210,10031741244569,'KB국민은행',4200);
Insert into KS95.MEMBER (MEM_ID,PASSWORD,MEM_NAME,MEM_BIR,ACCOUNT,BANK,MILEAGE) values ('B010','java','백이슬 ',981227,10031138213355,'KB국민은행',3200);
Insert into KS95.MEMBER (MEM_ID,PASSWORD,MEM_NAME,MEM_BIR,ACCOUNT,BANK,MILEAGE) values ('C010','java','정힘찬 ',681225,10037149533440,'KB국민은행',1080);
Insert into KS95.MEMBER (MEM_ID,PASSWORD,MEM_NAME,MEM_BIR,ACCOUNT,BANK,MILEAGE) values ('D010','java','남궁철 ',941112,10037149533433,'KB국민은행',8100);
Insert into KS95.MEMBER (MEM_ID,PASSWORD,MEM_NAME,MEM_BIR,ACCOUNT,BANK,MILEAGE) values ('A011','java','이현 ',610916,10035149423917,'KB국민은행',150);
Insert into KS95.MEMBER (MEM_ID,PASSWORD,MEM_NAME,MEM_BIR,ACCOUNT,BANK,MILEAGE) values ('B011','java','임무영 ',470923,10040187723211,'KB국민은행',40);
Insert into KS95.MEMBER (MEM_ID,PASSWORD,MEM_NAME,MEM_BIR,ACCOUNT,BANK,MILEAGE) values ('C011','java','이경모 ',970828,10040187782284,'KB국민은행',230);
Insert into KS95.MEMBER (MEM_ID,PASSWORD,MEM_NAME,MEM_BIR,ACCOUNT,BANK,MILEAGE) values ('D011','java','유동건 ',951203,10035149423901,'KB국민은행',740);
Insert into KS95.MEMBER (MEM_ID,PASSWORD,MEM_NAME,MEM_BIR,ACCOUNT,BANK,MILEAGE) values ('A012','java','고나영 ',770805,10031741244574,'KB국민은행',660);
Insert into KS95.MEMBER (MEM_ID,PASSWORD,MEM_NAME,MEM_BIR,ACCOUNT,BANK,MILEAGE) values ('B012','java','장승혜 ',820522,10035149423909,'KB국민은행',540);
Insert into KS95.MEMBER (MEM_ID,PASSWORD,MEM_NAME,MEM_BIR,ACCOUNT,BANK,MILEAGE) values ('C012','java','유기태 ',930429,10037149533428,'KB국민은행',1780);
Insert into KS95.MEMBER (MEM_ID,PASSWORD,MEM_NAME,MEM_BIR,ACCOUNT,BANK,MILEAGE) values ('D012','java','손재범 ',940829,10037151659007,'KB국민은행',5700);
Insert into KS95.MEMBER (MEM_ID,PASSWORD,MEM_NAME,MEM_BIR,ACCOUNT,BANK,MILEAGE) values ('A013','java','심재인 ',790722,10031138213361,'KB국민은행',3200);
Insert into KS95.MEMBER (MEM_ID,PASSWORD,MEM_NAME,MEM_BIR,ACCOUNT,BANK,MILEAGE) values ('B013','java','안태용',951023,10031741244581,'KB국민은행',1700);

--항공편
	Insert into KS95.COURSE (COURSE_ID,DEP_LOCATION,DEP_DATE,DEP_TIME,AIRPORT_ID,ARR_TIME,AIRPLANE_ID,PRICE,DISTANCE) values ('P2022001','ICN',to_date('22/09/14','RR/MM/DD'),'14:00','PEK','16:15','A101',350000,'914KM');
	Insert into KS95.COURSE (COURSE_ID,DEP_LOCATION,DEP_DATE,DEP_TIME,AIRPORT_ID,ARR_TIME,AIRPLANE_ID,PRICE,DISTANCE) values ('P2022002','ICN',to_date('22/09/14','RR/MM/DD'),'15:00','PEK','17:15','A201',350000,'914KM');
	Insert into KS95.COURSE (COURSE_ID,DEP_LOCATION,DEP_DATE,DEP_TIME,AIRPORT_ID,ARR_TIME,AIRPLANE_ID,PRICE,DISTANCE) values ('P2022003','ICN',to_date('22/09/14','RR/MM/DD'),'16:30','PEK','18:45','A301',350000,'914KM');
	Insert into KS95.COURSE (COURSE_ID,DEP_LOCATION,DEP_DATE,DEP_TIME,AIRPORT_ID,ARR_TIME,AIRPLANE_ID,PRICE,DISTANCE) values ('P2022004','ICN',to_date('22/09/14','RR/MM/DD'),'17:00','PEK','19:15','A401',350000,'914KM');
	Insert into KS95.COURSE (COURSE_ID,DEP_LOCATION,DEP_DATE,DEP_TIME,AIRPORT_ID,ARR_TIME,AIRPLANE_ID,PRICE,DISTANCE) values ('P2022005','ICN',to_date('22/09/14','RR/MM/DD'),'14:00','PEK','16:15','A501',350000,'914KM');
	Insert into KS95.COURSE (COURSE_ID,DEP_LOCATION,DEP_DATE,DEP_TIME,AIRPORT_ID,ARR_TIME,AIRPLANE_ID,PRICE,DISTANCE) values ('P2022006','ICN',to_date('22/09/14','RR/MM/DD'),'15:00','PEK','17:15','A102',350000,'914KM');
	Insert into KS95.COURSE (COURSE_ID,DEP_LOCATION,DEP_DATE,DEP_TIME,AIRPORT_ID,ARR_TIME,AIRPLANE_ID,PRICE,DISTANCE) values ('P2022007','ICN',to_date('22/09/14','RR/MM/DD'),'16:30','PEK','17:15','A202',350000,'914KM');
	Insert into KS95.COURSE (COURSE_ID,DEP_LOCATION,DEP_DATE,DEP_TIME,AIRPORT_ID,ARR_TIME,AIRPLANE_ID,PRICE,DISTANCE) values ('P2022008','ICN',to_date('22/09/14','RR/MM/DD'),'17:00','PEK','19:15','A302',350000,'914KM');
	Insert into KS95.COURSE (COURSE_ID,DEP_LOCATION,DEP_DATE,DEP_TIME,AIRPORT_ID,ARR_TIME,AIRPLANE_ID,PRICE,DISTANCE) values ('P2022009','ICN',to_date('22/09/14','RR/MM/DD'),'14:00','PEK','16:15','A402',350000,'914KM');
	Insert into KS95.COURSE (COURSE_ID,DEP_LOCATION,DEP_DATE,DEP_TIME,AIRPORT_ID,ARR_TIME,AIRPLANE_ID,PRICE,DISTANCE) values ('P2022010','ICN',to_date('22/09/14','RR/MM/DD'),'15:00','PEK','17:15','A502',350000,'914KM');
	Insert into KS95.COURSE (COURSE_ID,DEP_LOCATION,DEP_DATE,DEP_TIME,AIRPORT_ID,ARR_TIME,AIRPLANE_ID,PRICE,DISTANCE) values ('P2022011','ICN',to_date('22/09/14','RR/MM/DD'),'16:30','PEK','18:45','A103',350000,'914KM');
	Insert into KS95.COURSE (COURSE_ID,DEP_LOCATION,DEP_DATE,DEP_TIME,AIRPORT_ID,ARR_TIME,AIRPLANE_ID,PRICE,DISTANCE) values ('P2022012','ICN',to_date('22/09/14','RR/MM/DD'),'17:00','PEK','19:15','A203',350000,'914KM');
	Insert into KS95.COURSE (COURSE_ID,DEP_LOCATION,DEP_DATE,DEP_TIME,AIRPORT_ID,ARR_TIME,AIRPLANE_ID,PRICE,DISTANCE) values ('P2022013','ICN',to_date('22/09/14','RR/MM/DD'),'14:00','NRT','16:20','A303',250000,'1257KM');
	Insert into KS95.COURSE (COURSE_ID,DEP_LOCATION,DEP_DATE,DEP_TIME,AIRPORT_ID,ARR_TIME,AIRPLANE_ID,PRICE,DISTANCE) values ('P2022014','ICN',to_date('22/09/14','RR/MM/DD'),'15:00','NRT','17:20','A403',250000,'1257KM');
	Insert into KS95.COURSE (COURSE_ID,DEP_LOCATION,DEP_DATE,DEP_TIME,AIRPORT_ID,ARR_TIME,AIRPLANE_ID,PRICE,DISTANCE) values ('P2022015','ICN',to_date('22/09/14','RR/MM/DD'),'16:30','NRT','18:50','A503',250000,'1257KM');
	Insert into KS95.COURSE (COURSE_ID,DEP_LOCATION,DEP_DATE,DEP_TIME,AIRPORT_ID,ARR_TIME,AIRPLANE_ID,PRICE,DISTANCE) values ('P2022016','ICN',to_date('22/09/14','RR/MM/DD'),'17:00','NRT','19:20','A104',250000,'1257KM');
	Insert into KS95.COURSE (COURSE_ID,DEP_LOCATION,DEP_DATE,DEP_TIME,AIRPORT_ID,ARR_TIME,AIRPLANE_ID,PRICE,DISTANCE) values ('P2022017','ICN',to_date('22/09/14','RR/MM/DD'),'14:00','NRT','16:20','A204',250000,'1257KM');
	Insert into KS95.COURSE (COURSE_ID,DEP_LOCATION,DEP_DATE,DEP_TIME,AIRPORT_ID,ARR_TIME,AIRPLANE_ID,PRICE,DISTANCE) values ('P2022018','ICN',to_date('22/09/14','RR/MM/DD'),'15:00','NRT','17:20','A304',250000,'1257KM');
	Insert into KS95.COURSE (COURSE_ID,DEP_LOCATION,DEP_DATE,DEP_TIME,AIRPORT_ID,ARR_TIME,AIRPLANE_ID,PRICE,DISTANCE) values ('P2022019','ICN',to_date('22/09/14','RR/MM/DD'),'16:30','NRT','18:50','A404',250000,'1257KM');
	Insert into KS95.COURSE (COURSE_ID,DEP_LOCATION,DEP_DATE,DEP_TIME,AIRPORT_ID,ARR_TIME,AIRPLANE_ID,PRICE,DISTANCE) values ('P2022020','ICN',to_date('22/09/14','RR/MM/DD'),'17:00','NRT','19:20','A504',250000,'1257KM');
	Insert into KS95.COURSE (COURSE_ID,DEP_LOCATION,DEP_DATE,DEP_TIME,AIRPORT_ID,ARR_TIME,AIRPLANE_ID,PRICE,DISTANCE) values ('P2022021','ICN',to_date('22/09/14','RR/MM/DD'),'14:00','NRT','16:20','A105',250000,'1257KM');
	Insert into KS95.COURSE (COURSE_ID,DEP_LOCATION,DEP_DATE,DEP_TIME,AIRPORT_ID,ARR_TIME,AIRPLANE_ID,PRICE,DISTANCE) values ('P2022022','ICN',to_date('22/09/14','RR/MM/DD'),'15:00','NRT','17:20','A205',250000,'1257KM');
	Insert into KS95.COURSE (COURSE_ID,DEP_LOCATION,DEP_DATE,DEP_TIME,AIRPORT_ID,ARR_TIME,AIRPLANE_ID,PRICE,DISTANCE) values ('P2022023','ICN',to_date('22/09/14','RR/MM/DD'),'16:30','NRT','18:50','A305',250000,'1257KM');
	Insert into KS95.COURSE (COURSE_ID,DEP_LOCATION,DEP_DATE,DEP_TIME,AIRPORT_ID,ARR_TIME,AIRPLANE_ID,PRICE,DISTANCE) values ('P2022024','ICN',to_date('22/09/14','RR/MM/DD'),'17:00','NRT','19:20','A405',250000,'1257KM');
	Insert into KS95.COURSE (COURSE_ID,DEP_LOCATION,DEP_DATE,DEP_TIME,AIRPORT_ID,ARR_TIME,AIRPLANE_ID,PRICE,DISTANCE) values ('P2022025','ICN',to_date('22/09/14','RR/MM/DD'),'14:00','HAN','16:35','A505',450000,'2683KM');
	Insert into KS95.COURSE (COURSE_ID,DEP_LOCATION,DEP_DATE,DEP_TIME,AIRPORT_ID,ARR_TIME,AIRPLANE_ID,PRICE,DISTANCE) values ('P2022026','ICN',to_date('22/09/14','RR/MM/DD'),'15:00','HAN','17:35','A106',450000,'2683KM');
	Insert into KS95.COURSE (COURSE_ID,DEP_LOCATION,DEP_DATE,DEP_TIME,AIRPORT_ID,ARR_TIME,AIRPLANE_ID,PRICE,DISTANCE) values ('P2022027','ICN',to_date('22/09/14','RR/MM/DD'),'16:30','HAN','19:05','A206',450000,'2683KM');
	Insert into KS95.COURSE (COURSE_ID,DEP_LOCATION,DEP_DATE,DEP_TIME,AIRPORT_ID,ARR_TIME,AIRPLANE_ID,PRICE,DISTANCE) values ('P2022028','ICN',to_date('22/09/14','RR/MM/DD'),'17:00','HAN','19:35','A306',450000,'2683KM');
	Insert into KS95.COURSE (COURSE_ID,DEP_LOCATION,DEP_DATE,DEP_TIME,AIRPORT_ID,ARR_TIME,AIRPLANE_ID,PRICE,DISTANCE) values ('P2022029','ICN',to_date('22/09/14','RR/MM/DD'),'14:00','HAN','16:35','A406',450000,'2683KM');
	Insert into KS95.COURSE (COURSE_ID,DEP_LOCATION,DEP_DATE,DEP_TIME,AIRPORT_ID,ARR_TIME,AIRPLANE_ID,PRICE,DISTANCE) values ('P2022030','ICN',to_date('22/09/14','RR/MM/DD'),'15:00','HAN','17:35','A506',450000,'2683KM');
	Insert into KS95.COURSE (COURSE_ID,DEP_LOCATION,DEP_DATE,DEP_TIME,AIRPORT_ID,ARR_TIME,AIRPLANE_ID,PRICE,DISTANCE) values ('P2022031','ICN',to_date('22/09/14','RR/MM/DD'),'16:30','HAN','19:05','A107',450000,'2683KM');
	Insert into KS95.COURSE (COURSE_ID,DEP_LOCATION,DEP_DATE,DEP_TIME,AIRPORT_ID,ARR_TIME,AIRPLANE_ID,PRICE,DISTANCE) values ('P2022032','ICN',to_date('22/09/14','RR/MM/DD'),'17:00','HAN','19:35','A207',450000,'2683KM');
	Insert into KS95.COURSE (COURSE_ID,DEP_LOCATION,DEP_DATE,DEP_TIME,AIRPORT_ID,ARR_TIME,AIRPLANE_ID,PRICE,DISTANCE) values ('P2022033','ICN',to_date('22/09/14','RR/MM/DD'),'14:00','HAN','16:35','A307',450000,'2683KM');
	Insert into KS95.COURSE (COURSE_ID,DEP_LOCATION,DEP_DATE,DEP_TIME,AIRPORT_ID,ARR_TIME,AIRPLANE_ID,PRICE,DISTANCE) values ('P2022034','ICN',to_date('22/09/14','RR/MM/DD'),'15:00','HAN','17:35','A407',450000,'2683KM');
	Insert into KS95.COURSE (COURSE_ID,DEP_LOCATION,DEP_DATE,DEP_TIME,AIRPORT_ID,ARR_TIME,AIRPLANE_ID,PRICE,DISTANCE) values ('P2022035','ICN',to_date('22/09/14','RR/MM/DD'),'16:30','HAN','19:05','A507',450000,'2683KM');
	Insert into KS95.COURSE (COURSE_ID,DEP_LOCATION,DEP_DATE,DEP_TIME,AIRPORT_ID,ARR_TIME,AIRPLANE_ID,PRICE,DISTANCE) values ('P2022036','ICN',to_date('22/09/14','RR/MM/DD'),'17:00','HAN','19:35','A108',450000,'2683KM');
	Insert into KS95.COURSE (COURSE_ID,DEP_LOCATION,DEP_DATE,DEP_TIME,AIRPORT_ID,ARR_TIME,AIRPLANE_ID,PRICE,DISTANCE) values ('P2022037','ICN',to_date('22/09/15','RR/MM/DD'),'14:00','PEK','16:15','A208',350000,'914KM');
	Insert into KS95.COURSE (COURSE_ID,DEP_LOCATION,DEP_DATE,DEP_TIME,AIRPORT_ID,ARR_TIME,AIRPLANE_ID,PRICE,DISTANCE) values ('P2022038','ICN',to_date('22/09/15','RR/MM/DD'),'15:00','PEK','17:15','A308',350000,'914KM');
	Insert into KS95.COURSE (COURSE_ID,DEP_LOCATION,DEP_DATE,DEP_TIME,AIRPORT_ID,ARR_TIME,AIRPLANE_ID,PRICE,DISTANCE) values ('P2022039','ICN',to_date('22/09/15','RR/MM/DD'),'16:30','PEK','18:45','A408',350000,'914KM');
	Insert into KS95.COURSE (COURSE_ID,DEP_LOCATION,DEP_DATE,DEP_TIME,AIRPORT_ID,ARR_TIME,AIRPLANE_ID,PRICE,DISTANCE) values ('P2022040','ICN',to_date('22/09/15','RR/MM/DD'),'17:00','PEK','19:15','A508',350000,'914KM');
	Insert into KS95.COURSE (COURSE_ID,DEP_LOCATION,DEP_DATE,DEP_TIME,AIRPORT_ID,ARR_TIME,AIRPLANE_ID,PRICE,DISTANCE) values ('P2022041','ICN',to_date('22/09/15','RR/MM/DD'),'14:00','PEK','16:15','A109',350000,'914KM');
	Insert into KS95.COURSE (COURSE_ID,DEP_LOCATION,DEP_DATE,DEP_TIME,AIRPORT_ID,ARR_TIME,AIRPLANE_ID,PRICE,DISTANCE) values ('P2022042','ICN',to_date('22/09/15','RR/MM/DD'),'15:00','PEK','17:15','A209',350000,'914KM');
	Insert into KS95.COURSE (COURSE_ID,DEP_LOCATION,DEP_DATE,DEP_TIME,AIRPORT_ID,ARR_TIME,AIRPLANE_ID,PRICE,DISTANCE) values ('P2022043','ICN',to_date('22/09/15','RR/MM/DD'),'16:30','PEK','18:45','A309',350000,'914KM');
	Insert into KS95.COURSE (COURSE_ID,DEP_LOCATION,DEP_DATE,DEP_TIME,AIRPORT_ID,ARR_TIME,AIRPLANE_ID,PRICE,DISTANCE) values ('P2022044','ICN',to_date('22/09/15','RR/MM/DD'),'17:00','PEK','19:15','A409',350000,'914KM');
	Insert into KS95.COURSE (COURSE_ID,DEP_LOCATION,DEP_DATE,DEP_TIME,AIRPORT_ID,ARR_TIME,AIRPLANE_ID,PRICE,DISTANCE) values ('P2022045','ICN',to_date('22/09/15','RR/MM/DD'),'14:00','PEK','16:15','A509',350000,'914KM');
	Insert into KS95.COURSE (COURSE_ID,DEP_LOCATION,DEP_DATE,DEP_TIME,AIRPORT_ID,ARR_TIME,AIRPLANE_ID,PRICE,DISTANCE) values ('P2022046','ICN',to_date('22/09/15','RR/MM/DD'),'15:00','PEK','17:15','A110',350000,'914KM');
	Insert into KS95.COURSE (COURSE_ID,DEP_LOCATION,DEP_DATE,DEP_TIME,AIRPORT_ID,ARR_TIME,AIRPLANE_ID,PRICE,DISTANCE) values ('P2022047','ICN',to_date('22/09/15','RR/MM/DD'),'16:30','PEK','18:45','A210',350000,'914KM');
	Insert into KS95.COURSE (COURSE_ID,DEP_LOCATION,DEP_DATE,DEP_TIME,AIRPORT_ID,ARR_TIME,AIRPLANE_ID,PRICE,DISTANCE) values ('P2022048','ICN',to_date('22/09/15','RR/MM/DD'),'17:00','PEK','19:15','A310',350000,'914KM');
	Insert into KS95.COURSE (COURSE_ID,DEP_LOCATION,DEP_DATE,DEP_TIME,AIRPORT_ID,ARR_TIME,AIRPLANE_ID,PRICE,DISTANCE) values ('P2022049','ICN',to_date('22/09/15','RR/MM/DD'),'14:00','NRT','16:20','A410',250000,'1257KM');
	Insert into KS95.COURSE (COURSE_ID,DEP_LOCATION,DEP_DATE,DEP_TIME,AIRPORT_ID,ARR_TIME,AIRPLANE_ID,PRICE,DISTANCE) values ('P2022050','ICN',to_date('22/09/15','RR/MM/DD'),'15:00','NRT','17:20','A510',250000,'1257KM');
	Insert into KS95.COURSE (COURSE_ID,DEP_LOCATION,DEP_DATE,DEP_TIME,AIRPORT_ID,ARR_TIME,AIRPLANE_ID,PRICE,DISTANCE) values ('P2022051','ICN',to_date('22/09/15','RR/MM/DD'),'16:30','NRT','18:50','A111',250000,'1257KM');
	Insert into KS95.COURSE (COURSE_ID,DEP_LOCATION,DEP_DATE,DEP_TIME,AIRPORT_ID,ARR_TIME,AIRPLANE_ID,PRICE,DISTANCE) values ('P2022052','ICN',to_date('22/09/15','RR/MM/DD'),'17:00','NRT','19:20','A211',250000,'1257KM');
	Insert into KS95.COURSE (COURSE_ID,DEP_LOCATION,DEP_DATE,DEP_TIME,AIRPORT_ID,ARR_TIME,AIRPLANE_ID,PRICE,DISTANCE) values ('P2022053','ICN',to_date('22/09/15','RR/MM/DD'),'14:00','NRT','16:20','A311',250000,'1257KM');
	Insert into KS95.COURSE (COURSE_ID,DEP_LOCATION,DEP_DATE,DEP_TIME,AIRPORT_ID,ARR_TIME,AIRPLANE_ID,PRICE,DISTANCE) values ('P2022054','ICN',to_date('22/09/15','RR/MM/DD'),'15:00','NRT','17:20','A411',250000,'1257KM');
	Insert into KS95.COURSE (COURSE_ID,DEP_LOCATION,DEP_DATE,DEP_TIME,AIRPORT_ID,ARR_TIME,AIRPLANE_ID,PRICE,DISTANCE) values ('P2022055','ICN',to_date('22/09/15','RR/MM/DD'),'16:30','NRT','18:50','A511',250000,'1257KM');
	Insert into KS95.COURSE (COURSE_ID,DEP_LOCATION,DEP_DATE,DEP_TIME,AIRPORT_ID,ARR_TIME,AIRPLANE_ID,PRICE,DISTANCE) values ('P2022056','ICN',to_date('22/09/15','RR/MM/DD'),'17:00','NRT','19:20','A112',250000,'1257KM');
	Insert into KS95.COURSE (COURSE_ID,DEP_LOCATION,DEP_DATE,DEP_TIME,AIRPORT_ID,ARR_TIME,AIRPLANE_ID,PRICE,DISTANCE) values ('P2022057','ICN',to_date('22/09/15','RR/MM/DD'),'14:00','NRT','16:20','A212',250000,'1257KM');
	Insert into KS95.COURSE (COURSE_ID,DEP_LOCATION,DEP_DATE,DEP_TIME,AIRPORT_ID,ARR_TIME,AIRPLANE_ID,PRICE,DISTANCE) values ('P2022058','ICN',to_date('22/09/15','RR/MM/DD'),'15:00','NRT','17:20','A312',250000,'1257KM');
	Insert into KS95.COURSE (COURSE_ID,DEP_LOCATION,DEP_DATE,DEP_TIME,AIRPORT_ID,ARR_TIME,AIRPLANE_ID,PRICE,DISTANCE) values ('P2022059','ICN',to_date('22/09/15','RR/MM/DD'),'16:30','NRT','18:50','A412',250000,'1257KM');
	Insert into KS95.COURSE (COURSE_ID,DEP_LOCATION,DEP_DATE,DEP_TIME,AIRPORT_ID,ARR_TIME,AIRPLANE_ID,PRICE,DISTANCE) values ('P2022060','ICN',to_date('22/09/15','RR/MM/DD'),'17:00','NRT','19:20','A512',250000,'1257KM');
	Insert into KS95.COURSE (COURSE_ID,DEP_LOCATION,DEP_DATE,DEP_TIME,AIRPORT_ID,ARR_TIME,AIRPLANE_ID,PRICE,DISTANCE) values ('P2022061','ICN',to_date('22/09/15','RR/MM/DD'),'14:00','HAN','16:35','A101',450000,'2683KM');
	Insert into KS95.COURSE (COURSE_ID,DEP_LOCATION,DEP_DATE,DEP_TIME,AIRPORT_ID,ARR_TIME,AIRPLANE_ID,PRICE,DISTANCE) values ('P2022062','ICN',to_date('22/09/15','RR/MM/DD'),'15:00','HAN','17:35','A201',450000,'2683KM');
	Insert into KS95.COURSE (COURSE_ID,DEP_LOCATION,DEP_DATE,DEP_TIME,AIRPORT_ID,ARR_TIME,AIRPLANE_ID,PRICE,DISTANCE) values ('P2022063','ICN',to_date('22/09/15','RR/MM/DD'),'16:30','HAN','19:05','A301',450000,'2683KM');
	Insert into KS95.COURSE (COURSE_ID,DEP_LOCATION,DEP_DATE,DEP_TIME,AIRPORT_ID,ARR_TIME,AIRPLANE_ID,PRICE,DISTANCE) values ('P2022064','ICN',to_date('22/09/15','RR/MM/DD'),'17:00','HAN','19:35','A401',450000,'2683KM');
	Insert into KS95.COURSE (COURSE_ID,DEP_LOCATION,DEP_DATE,DEP_TIME,AIRPORT_ID,ARR_TIME,AIRPLANE_ID,PRICE,DISTANCE) values ('P2022065','ICN',to_date('22/09/15','RR/MM/DD'),'14:00','HAN','16:35','A501',450000,'2683KM');
	Insert into KS95.COURSE (COURSE_ID,DEP_LOCATION,DEP_DATE,DEP_TIME,AIRPORT_ID,ARR_TIME,AIRPLANE_ID,PRICE,DISTANCE) values ('P2022066','ICN',to_date('22/09/15','RR/MM/DD'),'15:00','HAN','17:35','A102',450000,'2683KM');
	Insert into KS95.COURSE (COURSE_ID,DEP_LOCATION,DEP_DATE,DEP_TIME,AIRPORT_ID,ARR_TIME,AIRPLANE_ID,PRICE,DISTANCE) values ('P2022067','ICN',to_date('22/09/15','RR/MM/DD'),'16:30','HAN','19:05','A202',450000,'2683KM');
	Insert into KS95.COURSE (COURSE_ID,DEP_LOCATION,DEP_DATE,DEP_TIME,AIRPORT_ID,ARR_TIME,AIRPLANE_ID,PRICE,DISTANCE) values ('P2022068','ICN',to_date('22/09/15','RR/MM/DD'),'17:00','HAN','19:35','A302',450000,'2683KM');
	Insert into KS95.COURSE (COURSE_ID,DEP_LOCATION,DEP_DATE,DEP_TIME,AIRPORT_ID,ARR_TIME,AIRPLANE_ID,PRICE,DISTANCE) values ('P2022069','ICN',to_date('22/09/15','RR/MM/DD'),'14:00','HAN','16:35','A402',450000,'2683KM');
	Insert into KS95.COURSE (COURSE_ID,DEP_LOCATION,DEP_DATE,DEP_TIME,AIRPORT_ID,ARR_TIME,AIRPLANE_ID,PRICE,DISTANCE) values ('P2022070','ICN',to_date('22/09/15','RR/MM/DD'),'15:00','HAN','17:35','A502',450000,'2683KM');
	Insert into KS95.COURSE (COURSE_ID,DEP_LOCATION,DEP_DATE,DEP_TIME,AIRPORT_ID,ARR_TIME,AIRPLANE_ID,PRICE,DISTANCE) values ('P2022071','ICN',to_date('22/09/15','RR/MM/DD'),'16:30','HAN','19:05','A103',450000,'2683KM');
	Insert into KS95.COURSE (COURSE_ID,DEP_LOCATION,DEP_DATE,DEP_TIME,AIRPORT_ID,ARR_TIME,AIRPLANE_ID,PRICE,DISTANCE) values ('P2022072','ICN',to_date('22/09/15','RR/MM/DD'),'17:00','HAN','19:35','A203',450000,'2683KM');
	Insert into KS95.COURSE (COURSE_ID,DEP_LOCATION,DEP_DATE,DEP_TIME,AIRPORT_ID,ARR_TIME,AIRPLANE_ID,PRICE,DISTANCE) values ('P2022073','ICN',to_date('22/09/16','RR/MM/DD'),'14:00','PEK','16:15','A303',350000,'914KM');
	Insert into KS95.COURSE (COURSE_ID,DEP_LOCATION,DEP_DATE,DEP_TIME,AIRPORT_ID,ARR_TIME,AIRPLANE_ID,PRICE,DISTANCE) values ('P2022074','ICN',to_date('22/09/16','RR/MM/DD'),'15:00','PEK','17:15','A403',350000,'914KM');
	Insert into KS95.COURSE (COURSE_ID,DEP_LOCATION,DEP_DATE,DEP_TIME,AIRPORT_ID,ARR_TIME,AIRPLANE_ID,PRICE,DISTANCE) values ('P2022075','ICN',to_date('22/09/16','RR/MM/DD'),'16:30','PEK','18:45','A503',350000,'914KM');
	Insert into KS95.COURSE (COURSE_ID,DEP_LOCATION,DEP_DATE,DEP_TIME,AIRPORT_ID,ARR_TIME,AIRPLANE_ID,PRICE,DISTANCE) values ('P2022076','ICN',to_date('22/09/16','RR/MM/DD'),'17:00','PEK','19:15','A104',350000,'914KM');
	Insert into KS95.COURSE (COURSE_ID,DEP_LOCATION,DEP_DATE,DEP_TIME,AIRPORT_ID,ARR_TIME,AIRPLANE_ID,PRICE,DISTANCE) values ('P2022077','ICN',to_date('22/09/16','RR/MM/DD'),'14:00','PEK','16:15','A204',350000,'914KM');
	Insert into KS95.COURSE (COURSE_ID,DEP_LOCATION,DEP_DATE,DEP_TIME,AIRPORT_ID,ARR_TIME,AIRPLANE_ID,PRICE,DISTANCE) values ('P2022078','ICN',to_date('22/09/16','RR/MM/DD'),'15:00','PEK','17:15','A304',350000,'914KM');
	Insert into KS95.COURSE (COURSE_ID,DEP_LOCATION,DEP_DATE,DEP_TIME,AIRPORT_ID,ARR_TIME,AIRPLANE_ID,PRICE,DISTANCE) values ('P2022079','ICN',to_date('22/09/16','RR/MM/DD'),'16:30','PEK','18:45','A404',350000,'914KM');
	Insert into KS95.COURSE (COURSE_ID,DEP_LOCATION,DEP_DATE,DEP_TIME,AIRPORT_ID,ARR_TIME,AIRPLANE_ID,PRICE,DISTANCE) values ('P2022080','ICN',to_date('22/09/16','RR/MM/DD'),'17:00','PEK','19:15','A504',350000,'914KM');
	Insert into KS95.COURSE (COURSE_ID,DEP_LOCATION,DEP_DATE,DEP_TIME,AIRPORT_ID,ARR_TIME,AIRPLANE_ID,PRICE,DISTANCE) values ('P2022081','ICN',to_date('22/09/16','RR/MM/DD'),'14:00','PEK','16:15','A105',350000,'914KM');
	Insert into KS95.COURSE (COURSE_ID,DEP_LOCATION,DEP_DATE,DEP_TIME,AIRPORT_ID,ARR_TIME,AIRPLANE_ID,PRICE,DISTANCE) values ('P2022082','ICN',to_date('22/09/16','RR/MM/DD'),'15:00','PEK','17:15','A205',350000,'914KM');
	Insert into KS95.COURSE (COURSE_ID,DEP_LOCATION,DEP_DATE,DEP_TIME,AIRPORT_ID,ARR_TIME,AIRPLANE_ID,PRICE,DISTANCE) values ('P2022083','ICN',to_date('22/09/16','RR/MM/DD'),'16:30','PEK','18:45','A305',350000,'914KM');
	Insert into KS95.COURSE (COURSE_ID,DEP_LOCATION,DEP_DATE,DEP_TIME,AIRPORT_ID,ARR_TIME,AIRPLANE_ID,PRICE,DISTANCE) values ('P2022084','ICN',to_date('22/09/16','RR/MM/DD'),'17:00','PEK','19:15','A405',350000,'914KM');
	Insert into KS95.COURSE (COURSE_ID,DEP_LOCATION,DEP_DATE,DEP_TIME,AIRPORT_ID,ARR_TIME,AIRPLANE_ID,PRICE,DISTANCE) values ('P2022085','ICN',to_date('22/09/16','RR/MM/DD'),'14:00','NRT','16:20','A505',250000,'1257KM');
	Insert into KS95.COURSE (COURSE_ID,DEP_LOCATION,DEP_DATE,DEP_TIME,AIRPORT_ID,ARR_TIME,AIRPLANE_ID,PRICE,DISTANCE) values ('P2022086','ICN',to_date('22/09/16','RR/MM/DD'),'15:00','NRT','17:20','A106',250000,'1257KM');
	Insert into KS95.COURSE (COURSE_ID,DEP_LOCATION,DEP_DATE,DEP_TIME,AIRPORT_ID,ARR_TIME,AIRPLANE_ID,PRICE,DISTANCE) values ('P2022087','ICN',to_date('22/09/16','RR/MM/DD'),'16:30','NRT','18:50','A206',250000,'1257KM');
	Insert into KS95.COURSE (COURSE_ID,DEP_LOCATION,DEP_DATE,DEP_TIME,AIRPORT_ID,ARR_TIME,AIRPLANE_ID,PRICE,DISTANCE) values ('P2022088','ICN',to_date('22/09/16','RR/MM/DD'),'17:00','NRT','19:20','A306',250000,'1257KM');
	Insert into KS95.COURSE (COURSE_ID,DEP_LOCATION,DEP_DATE,DEP_TIME,AIRPORT_ID,ARR_TIME,AIRPLANE_ID,PRICE,DISTANCE) values ('P2022089','ICN',to_date('22/09/16','RR/MM/DD'),'14:00','NRT','16:20','A406',250000,'1257KM');
	Insert into KS95.COURSE (COURSE_ID,DEP_LOCATION,DEP_DATE,DEP_TIME,AIRPORT_ID,ARR_TIME,AIRPLANE_ID,PRICE,DISTANCE) values ('P2022090','ICN',to_date('22/09/16','RR/MM/DD'),'15:00','NRT','17:20','A506',250000,'1257KM');
	Insert into KS95.COURSE (COURSE_ID,DEP_LOCATION,DEP_DATE,DEP_TIME,AIRPORT_ID,ARR_TIME,AIRPLANE_ID,PRICE,DISTANCE) values ('P2022091','ICN',to_date('22/09/16','RR/MM/DD'),'16:30','NRT','18:50','A107',250000,'1257KM');
	Insert into KS95.COURSE (COURSE_ID,DEP_LOCATION,DEP_DATE,DEP_TIME,AIRPORT_ID,ARR_TIME,AIRPLANE_ID,PRICE,DISTANCE) values ('P2022092','ICN',to_date('22/09/16','RR/MM/DD'),'17:00','NRT','19:20','A207',250000,'1257KM');
	Insert into KS95.COURSE (COURSE_ID,DEP_LOCATION,DEP_DATE,DEP_TIME,AIRPORT_ID,ARR_TIME,AIRPLANE_ID,PRICE,DISTANCE) values ('P2022093','ICN',to_date('22/09/16','RR/MM/DD'),'14:00','NRT','16:20','A307',250000,'1257KM');
	Insert into KS95.COURSE (COURSE_ID,DEP_LOCATION,DEP_DATE,DEP_TIME,AIRPORT_ID,ARR_TIME,AIRPLANE_ID,PRICE,DISTANCE) values ('P2022094','ICN',to_date('22/09/16','RR/MM/DD'),'15:00','NRT','17:20','A407',250000,'1257KM');
	Insert into KS95.COURSE (COURSE_ID,DEP_LOCATION,DEP_DATE,DEP_TIME,AIRPORT_ID,ARR_TIME,AIRPLANE_ID,PRICE,DISTANCE) values ('P2022095','ICN',to_date('22/09/16','RR/MM/DD'),'16:30','NRT','18:50','A507',250000,'1257KM');
	Insert into KS95.COURSE (COURSE_ID,DEP_LOCATION,DEP_DATE,DEP_TIME,AIRPORT_ID,ARR_TIME,AIRPLANE_ID,PRICE,DISTANCE) values ('P2022096','ICN',to_date('22/09/16','RR/MM/DD'),'17:00','NRT','19:20','A108',250000,'1257KM');
	Insert into KS95.COURSE (COURSE_ID,DEP_LOCATION,DEP_DATE,DEP_TIME,AIRPORT_ID,ARR_TIME,AIRPLANE_ID,PRICE,DISTANCE) values ('P2022097','ICN',to_date('22/09/16','RR/MM/DD'),'14:00','HAN','16:35','A208',450000,'2683KM');
	Insert into KS95.COURSE (COURSE_ID,DEP_LOCATION,DEP_DATE,DEP_TIME,AIRPORT_ID,ARR_TIME,AIRPLANE_ID,PRICE,DISTANCE) values ('P2022098','ICN',to_date('22/09/16','RR/MM/DD'),'15:00','HAN','17:35','A308',450000,'2683KM');
	Insert into KS95.COURSE (COURSE_ID,DEP_LOCATION,DEP_DATE,DEP_TIME,AIRPORT_ID,ARR_TIME,AIRPLANE_ID,PRICE,DISTANCE) values ('P2022099','ICN',to_date('22/09/16','RR/MM/DD'),'16:30','HAN','19:05','A408',450000,'2683KM');
	Insert into KS95.COURSE (COURSE_ID,DEP_LOCATION,DEP_DATE,DEP_TIME,AIRPORT_ID,ARR_TIME,AIRPLANE_ID,PRICE,DISTANCE) values ('P2022100','ICN',to_date('22/09/16','RR/MM/DD'),'17:00','HAN','19:35','A508',450000,'2683KM');
	Insert into KS95.COURSE (COURSE_ID,DEP_LOCATION,DEP_DATE,DEP_TIME,AIRPORT_ID,ARR_TIME,AIRPLANE_ID,PRICE,DISTANCE) values ('P2022101','ICN',to_date('22/09/16','RR/MM/DD'),'14:00','HAN','16:35','A109',450000,'2683KM');
	Insert into KS95.COURSE (COURSE_ID,DEP_LOCATION,DEP_DATE,DEP_TIME,AIRPORT_ID,ARR_TIME,AIRPLANE_ID,PRICE,DISTANCE) values ('P2022102','ICN',to_date('22/09/16','RR/MM/DD'),'15:00','HAN','17:35','A209',450000,'2683KM');
	Insert into KS95.COURSE (COURSE_ID,DEP_LOCATION,DEP_DATE,DEP_TIME,AIRPORT_ID,ARR_TIME,AIRPLANE_ID,PRICE,DISTANCE) values ('P2022103','ICN',to_date('22/09/16','RR/MM/DD'),'16:30','HAN','19:05','A309',450000,'2683KM');
	Insert into KS95.COURSE (COURSE_ID,DEP_LOCATION,DEP_DATE,DEP_TIME,AIRPORT_ID,ARR_TIME,AIRPLANE_ID,PRICE,DISTANCE) values ('P2022104','ICN',to_date('22/09/16','RR/MM/DD'),'17:00','HAN','19:35','A409',450000,'2683KM');
	Insert into KS95.COURSE (COURSE_ID,DEP_LOCATION,DEP_DATE,DEP_TIME,AIRPORT_ID,ARR_TIME,AIRPLANE_ID,PRICE,DISTANCE) values ('P2022105','ICN',to_date('22/09/16','RR/MM/DD'),'14:00','HAN','16:35','A509',450000,'2683KM');
	Insert into KS95.COURSE (COURSE_ID,DEP_LOCATION,DEP_DATE,DEP_TIME,AIRPORT_ID,ARR_TIME,AIRPLANE_ID,PRICE,DISTANCE) values ('P2022106','ICN',to_date('22/09/16','RR/MM/DD'),'15:00','HAN','17:35','A110',450000,'2683KM');
	Insert into KS95.COURSE (COURSE_ID,DEP_LOCATION,DEP_DATE,DEP_TIME,AIRPORT_ID,ARR_TIME,AIRPLANE_ID,PRICE,DISTANCE) values ('P2022107','ICN',to_date('22/09/16','RR/MM/DD'),'16:30','HAN','19:05','A210',450000,'2683KM');
	Insert into KS95.COURSE (COURSE_ID,DEP_LOCATION,DEP_DATE,DEP_TIME,AIRPORT_ID,ARR_TIME,AIRPLANE_ID,PRICE,DISTANCE) values ('P2022108','ICN',to_date('22/09/16','RR/MM/DD'),'17:00','HAN','19:35','A310',450000,'2683KM');
